num,ID,field
1,123111,content1
2,123112,content2
3,123113,content3
4,123114,content4
5,123115,content5
6,123116,content6
7,123117,content7
8,123118,content8
9,123119,content9
10,123120,content10
11,123121,content11
12,123122,content12
13,123123,content13
14,123124,content14
15,123125,content15
16,123126,content16
17,123127,content17
18,123128,content18
19,123129,content19
20,123130,content20
21,123131,content21
22,123132,content22
23,123133,content23
24,123134,content24
25,123135,content25
26,123136,content26
27,123137,content27
28,123138,content28
29,123139,content29
30,123140,content30
31,123141,content31
32,123142,content32
33,123143,content33
34,123144,content34
35,123145,content35
36,123146,content36
37,123147,content37
38,123148,content38
39,123149,content39
40,123150,content40